USE schemers;

INSERT INTO states
    VALUES
        ('AL', 'Alabama'),
        ('AK', 'Alaska'),
        ('AZ', 'Arizona'),
        ('AR', 'Arkansas'),
        ('CA', 'California'),
        ('CO', 'Colorado'),
        ('CT', 'Connecticut'),
        ('DE', 'Delaware'),
        ('DC', 'District of Columbia'),
        ('FL', 'Florida'),
        ('GA', 'Georgia'),
        ('HI', 'Hawaii'),
        ('ID', 'Idaho'),
        ('IL', 'Illinois'),
        ('IN', 'Indiana'),
        ('IA', 'Iowa'),
        ('KS', 'Kansas'),
        ('KY', 'Kentucky'),
        ('LA', 'Louisiana'),
        ('ME', 'Maine'),
        ('MD', 'Maryland'),
        ('MA', 'Massachusetts'),
        ('MI', 'Michigan'),
        ('MN', 'Minnesota'),
        ('MS', 'Mississippi'),
        ('MO', 'Missouri'),
        ('MT', 'Montana'),
        ('NE', 'Nebraska'),
        ('NV', 'Nevada'),
        ('NH', 'New Hampshire'),
        ('NJ', 'New Jersey'),
        ('NM', 'New Mexico'),
        ('NY', 'New York'),
        ('NC', 'North Carolina'),
        ('ND', 'North Dakota'),
        ('OH', 'Ohio'),
        ('OK', 'Oklahoma'),
        ('OR', 'Oregon'),
        ('PA', 'Pennsylvania'),
        ('PR', 'Puerto Rico'),
        ('RI', 'Rhode Island'),
        ('SC', 'South Carolina'),
        ('SD', 'South Dakota'),
        ('TN', 'Tennessee'),
        ('TX', 'Texas'),
        ('UT', 'Utah'),
        ('VT', 'Vermont'),
        ('VA', 'Virginia'),
        ('WA', 'Washington'),
        ('WV', 'West Virginia'),
        ('WI', 'Wisconsin'),
        ('WY', 'Wyoming');


INSERT INTO ZipCodes(ZipCodeID,StateID,City,Time_Stamp) VALUES (93242,'CA','Laton',NOW());
INSERT INTO ZipCodes(ZipCodeID,StateID,City,Time_Stamp) VALUES (93611,'CA','Clovis',NOW());
INSERT INTO ZipCodes(ZipCodeID,StateID,City,Time_Stamp) VALUES (93309,'CA','Bakersfield',NOW());
INSERT INTO ZipCodes(ZipCodeID,StateID,City,Time_Stamp) VALUES (91340,'CA','San Fernando',NOW());
INSERT INTO ZipCodes(ZipCodeID,StateID,City,Time_Stamp) VALUES (91750,'CA','La Verne',NOW());
INSERT INTO ZipCodes(ZipCodeID,StateID,City,Time_Stamp) VALUES (91016,'CA','Monrovia',NOW());
INSERT INTO ZipCodes(ZipCodeID,StateID,City,Time_Stamp) VALUES (93901,'CA','Salinas',NOW());
INSERT INTO ZipCodes(ZipCodeID,StateID,City,Time_Stamp) VALUES (93907,'CA','Salinas',NOW());
INSERT INTO ZipCodes(ZipCodeID,StateID,City,Time_Stamp) VALUES (93926,'CA','Gonzales',NOW());
INSERT INTO ZipCodes(ZipCodeID,StateID,City,Time_Stamp) VALUES (90620,'CA','Buena Park',NOW());
INSERT INTO ZipCodes(ZipCodeID,StateID,City,Time_Stamp) VALUES (92704,'CA','Santa Ana',NOW());
INSERT INTO ZipCodes(ZipCodeID,StateID,City,Time_Stamp) VALUES (92806,'CA','Anaheim',NOW());
INSERT INTO ZipCodes(ZipCodeID,StateID,City,Time_Stamp) VALUES (92701,'CA','Santa Ana',NOW());
INSERT INTO ZipCodes(ZipCodeID,StateID,City,Time_Stamp) VALUES (92373,'CA','Redlands',NOW());
INSERT INTO ZipCodes(ZipCodeID,StateID,City,Time_Stamp) VALUES (92405,'CA','San Bernardino',NOW());
INSERT INTO ZipCodes(ZipCodeID,StateID,City,Time_Stamp) VALUES (93433,'CA','Grover Beach',NOW());
INSERT INTO ZipCodes(ZipCodeID,StateID,City,Time_Stamp) VALUES (93111,'CA','Santa Barbara',NOW());
INSERT INTO ZipCodes(ZipCodeID,StateID,City,Time_Stamp) VALUES (93292,'CA','Visalia',NOW());
INSERT INTO ZipCodes(ZipCodeID,StateID,City,Time_Stamp) VALUES (93030,'CA','Oxnard',NOW());
INSERT INTO ZipCodes(ZipCodeID,StateID,City,Time_Stamp) VALUES (93001,'CA','Ventura',NOW());
INSERT INTO ZipCodes(ZipCodeID,StateID,City,Time_Stamp) VALUES (93725,'CA','Fresno',NOW());
INSERT INTO ZipCodes(ZipCodeID,StateID,City,Time_Stamp) VALUES (93706,'CA','Fresno',NOW());
INSERT INTO ZipCodes(ZipCodeID,StateID,City,Time_Stamp) VALUES (93624,'CA','Five Points',NOW());
INSERT INTO ZipCodes(ZipCodeID,StateID,City,Time_Stamp) VALUES (93301,'CA','Bakersfield',NOW());
INSERT INTO ZipCodes(ZipCodeID,StateID,City,Time_Stamp) VALUES (93263,'CA','Shafter',NOW());
INSERT INTO ZipCodes(ZipCodeID,StateID,City,Time_Stamp) VALUES (93206,'CA','Buttonwillow',NOW());
INSERT INTO ZipCodes(ZipCodeID,StateID,City,Time_Stamp) VALUES (90065,'CA','Los Angeles',NOW());
INSERT INTO ZipCodes(ZipCodeID,StateID,City,Time_Stamp) VALUES (91706,'CA','Baldwin Park',NOW());
INSERT INTO ZipCodes(ZipCodeID,StateID,City,Time_Stamp) VALUES (90680,'CA','Stanton',NOW());
INSERT INTO ZipCodes(ZipCodeID,StateID,City,Time_Stamp) VALUES (92807,'CA','Anaheim',NOW());
INSERT INTO ZipCodes(ZipCodeID,StateID,City,Time_Stamp) VALUES (91710,'CA','Chino',NOW());
INSERT INTO ZipCodes(ZipCodeID,StateID,City,Time_Stamp) VALUES (93291,'CA','Visalia',NOW());
INSERT INTO ZipCodes(ZipCodeID,StateID,City,Time_Stamp) VALUES (93033,'CA','Oxnard',NOW());
INSERT INTO ZipCodes(ZipCodeID,StateID,City,Time_Stamp) VALUES (93646,'CA','Orange Cove',NOW());
INSERT INTO ZipCodes(ZipCodeID,StateID,City,Time_Stamp) VALUES (93662,'CA','Selma',NOW());
INSERT INTO ZipCodes(ZipCodeID,StateID,City,Time_Stamp) VALUES (93619,'CA','Clovis',NOW());
INSERT INTO ZipCodes(ZipCodeID,StateID,City,Time_Stamp) VALUES (92887,'CA','Yorba Linda',NOW());
INSERT INTO ZipCodes(ZipCodeID,StateID,City,Time_Stamp) VALUES (93272,'CA','Tipton',NOW());
INSERT INTO ZipCodes(ZipCodeID,StateID,City,Time_Stamp) VALUES (93656,'CA','Riverdale',NOW());
INSERT INTO ZipCodes(ZipCodeID,StateID,City,Time_Stamp) VALUES (92651,'CA','Laguna Beach',NOW());
INSERT INTO ZipCodes(ZipCodeID,StateID,City,Time_Stamp) VALUES (92708,'CA','Fountain Valley',NOW());
INSERT INTO ZipCodes(ZipCodeID,StateID,City,Time_Stamp) VALUES (91362,'CA','Thousand Oaks',NOW());
INSERT INTO ZipCodes(ZipCodeID,StateID,City,Time_Stamp) VALUES (93230,'CA','Hanford',NOW());
INSERT INTO ZipCodes(ZipCodeID,StateID,City,Time_Stamp) VALUES (92308,'CA','Apple Valley',NOW());
INSERT INTO ZipCodes(ZipCodeID,StateID,City,Time_Stamp) VALUES (92630,'CA','Lake Forest',NOW());
INSERT INTO ZipCodes(ZipCodeID,StateID,City,Time_Stamp) VALUES (91702,'CA','Azusa',NOW());
INSERT INTO ZipCodes(ZipCodeID,StateID,City,Time_Stamp) VALUES (90280,'CA','South Gate',NOW());
INSERT INTO ZipCodes(ZipCodeID,StateID,City,Time_Stamp) VALUES (91762,'CA','Ontario',NOW());
INSERT INTO ZipCodes(ZipCodeID,StateID,City,Time_Stamp) VALUES (93308,'CA','Bakersfield',NOW());
INSERT INTO ZipCodes(ZipCodeID,StateID,City,Time_Stamp) VALUES (92711,'CA','Santa Ana',NOW());
INSERT INTO ZipCodes(ZipCodeID,StateID,City,Time_Stamp) VALUES (93612,'CA','Clovis',NOW());
INSERT INTO ZipCodes(ZipCodeID,StateID,City,Time_Stamp) VALUES (93274,'CA','Tulare',NOW());
INSERT INTO ZipCodes(ZipCodeID,StateID,City,Time_Stamp) VALUES (92860,'CA','Norco',NOW());
INSERT INTO ZipCodes(ZipCodeID,StateID,City,Time_Stamp) VALUES (93908,'CA','Salinas',NOW());
INSERT INTO ZipCodes(ZipCodeID,StateID,City,Time_Stamp) VALUES (91352,'CA','Sun Valley',NOW());
INSERT INTO ZipCodes(ZipCodeID,StateID,City,Time_Stamp) VALUES (93060,'CA','Santa Paula',NOW());
INSERT INTO ZipCodes(ZipCodeID,StateID,City,Time_Stamp) VALUES (93906,'CA','Salinas',NOW());
INSERT INTO ZipCodes(ZipCodeID,StateID,City,Time_Stamp) VALUES (91361,'CA','Westlake Village',NOW());
INSERT INTO ZipCodes(ZipCodeID,StateID,City,Time_Stamp) VALUES (93210,'CA','Coalinga',NOW());
INSERT INTO ZipCodes(ZipCodeID,StateID,City,Time_Stamp) VALUES (93212,'CA','Corcoran',NOW());
INSERT INTO ZipCodes(ZipCodeID,StateID,City,Time_Stamp) VALUES (91775,'CA','San Gabriel',NOW());
INSERT INTO ZipCodes(ZipCodeID,StateID,City,Time_Stamp) VALUES (91746,'CA','La Puente',NOW());
INSERT INTO ZipCodes(ZipCodeID,StateID,City,Time_Stamp) VALUES (92345,'CA','Hesperia',NOW());
INSERT INTO ZipCodes(ZipCodeID,StateID,City,Time_Stamp) VALUES (92399,'CA','Yucaipa',NOW());
INSERT INTO ZipCodes(ZipCodeID,StateID,City,Time_Stamp) VALUES (93117,'CA','Goleta',NOW());
INSERT INTO ZipCodes(ZipCodeID,StateID,City,Time_Stamp) VALUES (93924,'CA','Carmel Valley',NOW());
INSERT INTO ZipCodes(ZipCodeID,StateID,City,Time_Stamp) VALUES (91331,'CA','Pacoima',NOW());
INSERT INTO ZipCodes(ZipCodeID,StateID,City,Time_Stamp) VALUES (93930,'CA','King City',NOW());
INSERT INTO ZipCodes(ZipCodeID,StateID,City,Time_Stamp) VALUES (92865,'CA','Orange',NOW());
INSERT INTO ZipCodes(ZipCodeID,StateID,City,Time_Stamp) VALUES (92688,'CA','Rancho Santa Margari',NOW());
INSERT INTO ZipCodes(ZipCodeID,StateID,City,Time_Stamp) VALUES (93380,'CA','Bakersfield',NOW());
INSERT INTO ZipCodes(ZipCodeID,StateID,City,Time_Stamp) VALUES (93312,'CA','Bakersfield',NOW());
INSERT INTO ZipCodes(ZipCodeID,StateID,City,Time_Stamp) VALUES (92590,'CA','Temecula',NOW());
INSERT INTO ZipCodes(ZipCodeID,StateID,City,Time_Stamp) VALUES (93654,'CA','Reedley',NOW());
INSERT INTO ZipCodes(ZipCodeID,StateID,City,Time_Stamp) VALUES (93668,'CA','Tranquillity',NOW());
INSERT INTO ZipCodes(ZipCodeID,StateID,City,Time_Stamp) VALUES (95023,'CA','Hollister',NOW());
INSERT INTO ZipCodes(ZipCodeID,StateID,City,Time_Stamp) VALUES (92311,'CA','Barstow',NOW());
INSERT INTO ZipCodes(ZipCodeID,StateID,City,Time_Stamp) VALUES (93270,'CA','Terra Bella',NOW());
INSERT INTO ZipCodes(ZipCodeID,StateID,City,Time_Stamp) VALUES (93703,'CA','Fresno',NOW());
INSERT INTO ZipCodes(ZipCodeID,StateID,City,Time_Stamp) VALUES (92365,'CA','Newberry Springs',NOW());
INSERT INTO ZipCodes(ZipCodeID,StateID,City,Time_Stamp) VALUES (93290,'CA','Visalia',NOW());
INSERT INTO ZipCodes(ZipCodeID,StateID,City,Time_Stamp) VALUES (93004,'CA','Ventura',NOW());
INSERT INTO ZipCodes(ZipCodeID,StateID,City,Time_Stamp) VALUES (92883,'CA','Corona',NOW());
INSERT INTO ZipCodes(ZipCodeID,StateID,City,Time_Stamp) VALUES (93630,'CA','Kerman',NOW());
INSERT INTO ZipCodes(ZipCodeID,StateID,City,Time_Stamp) VALUES (93960,'CA','Soledad',NOW());
INSERT INTO ZipCodes(ZipCodeID,StateID,City,Time_Stamp) VALUES (91324,'CA','Northridge',NOW());
INSERT INTO ZipCodes(ZipCodeID,StateID,City,Time_Stamp) VALUES (92581,'CA','San Jacinto',NOW());
INSERT INTO ZipCodes(ZipCodeID,StateID,City,Time_Stamp) VALUES (91766,'CA','Pomona',NOW());
INSERT INTO ZipCodes(ZipCodeID,StateID,City,Time_Stamp) VALUES (93711,'CA','Fresno',NOW());

INSERT INTO Addresses(ZipCodeID,Time_Stamp,StreetAddress) VALUES
 (93242,NOW(),'7783 Vine Street')
,(93611,NOW(),'12367 Adams St')
,(93309,NOW(),'1237 W Eymann Ave')
,(91340,NOW(),'1238 Lonestar Dr')
,(91750,NOW(),'1239 Ashby Ave')
,(91016,NOW(),'12388 Loraine Ave')
,(93901,NOW(),'12373 Windchime Pl')
,(93907,NOW(),'1237 E 24th St')
,(93926,NOW(),'1237 N Lowery St')
,(92704,NOW(),'12376 5th St')
,(92806,NOW(),'1239 Ashby Ave');

INSERT INTO AppStatus(Title,Time_Stamp) 
VALUES 
(
    "Processing", NOW()),
    ("Approved", NOW()),
    ("Rejected", NOW()),
    ("Final Review", NOW());

INSERT INTO Education(Title,Time_Stamp) 
VALUES 
    ("No Education Required", NOW()),
    ("High School Degree", NOW()),
    ("Associate's Degree", NOW()),
    ("Bachelor's Degree", NOW()),
    ("Master's Degree", NOW()),
    ("Doctoral Degree", NOW());


INSERT INTO Roles(Title,Time_Stamp) 
VALUES 
    ("Owner", NOW()),
    ("CEO", NOW()),
    ("Assistant/Manager", NOW()),
    ("Human Resources Generalist", NOW()),
    ("Hiring Manager", NOW()),
    ("Recruiter", NOW()),
    ("Other", NOW());

INSERT INTO Benefits(Title,Time_Stamp) 
VALUES 
    ("Health Insurance", NOW()),
    ("Vision Insurance", NOW()),
    ("Dental Insurance", NOW()),
    ("Life Insurance", NOW()),
    ("Pension", NOW()),
    ("401k", NOW());

INSERT INTO ExpReq(Title,Time_Stamp) 
VALUES 
    ("Entry level", NOW()),
    ("Mid-Level", NOW()),
    ("Senior Level", NOW());

INSERT INTO JobTypes(Title, Time_Stamp)
VALUES
    ("Full-Time", NOW()),
    ("Part-Time", NOW()),
    ("Contract", NOW()),
    ("Temporary", NOW()),
    ("Internship", NOW());

INSERT INTO Employee(EducationID, Time_Stamp)
VALUES
    (1, NOW()),
    (3, NOW()),
    (5, NOW()),
    (4, NOW()),
    (3, NOW()),
    (1, NOW()),
    (2, NOW()),
    (3, NOW()),
    (5, NOW()),
    (3, NOW()),
    (5, NOW()),
    (4, NOW()),
    (3, NOW()),
    (1, NOW()),
    (2, NOW()),
    (3, NOW()),
    (5, NOW()),
    (3, NOW()),
    (5, NOW()),
    (3, NOW()),
    (5, NOW()),
    (4, NOW()),
    (3, NOW()),
    (3, NOW()),
    (1, NOW());

INSERT INTO UserAccount(Email, EmployeeID, FirstName, LastName, Phone, Password, Time_Stamp)
    VALUES
    ('dirce0@newsvine.com', 5, 'Darin', 'Irce', '126-328-4062', 'jm8q2hDXp', NOW()),
    ('tmulholland1@qq.com', 6, 'Trent', 'Mulholland', '769-861-4553', '7pV7ew73oz', NOW()),
    ('gdebiasi2@statcounter.com', 7, 'Gardie', 'De Biasi', '457-727-6737', 'g2dssSarz', NOW()),
    ('kwarkup3@t.co', 8, 'Kalindi', 'Warkup', '948-342-5010', 'NuTGs3aDod', NOW()),
    ('gmargarson8@weather.com', 9, 'Gwenneth', 'Margarson', '918-585-1562', '9856r4fEGS', NOW()),
    ('econre9@deviantart.com', 10, 'Erda', 'Conre', '239-317-1782', 'J1eS31G6w', NOW()),
    ('kseillera@ca.gov', 11, 'Karla', 'Seiller', '442-879-7365', 'LD56v7', NOW()),
    ('sbirkbeckb@issuu.com', 12, 'Shannon', 'Birkbeck', '179-558-8136', 'jOuXZmROv60', NOW()),
    ('dludgatec@vkontakte.ru', 13, 'Dela', 'Ludgate', '433-657-8608', 'xjXrocN6U1E', NOW()),
    ('ininnottid@sphinn.com', 14, 'Ingra', 'Ninnotti', '863-475-7547', 'nlUenl', NOW()),
    ('dvicke@homestead.com', 15, 'Doti', 'Vick', '639-681-5821', 'GYobGeTz', NOW()),
    ('mtidcombf@home.pl', 16, 'Myrah', 'Tidcomb', '897-243-6264', 'sKQ7pz3', NOW()),
    ('ewickersleyg@dell.com', 17, 'Ermengarde', 'Wickersley', '586-761-9950', 'IMuROnjTc', NOW()),
    ('nthomkeh@woothemes.com', 18, 'Nedi', 'Thomke', '592-659-5056', '2wUnlf', NOW()),
    ('barnaudeti@stumbleupon.com', 19, 'Bernette', 'Arnaudet', '158-735-0646', 'emziQOIb', NOW()),
    ('sgaskallj@trellian.com', 20, 'Sharona', 'Gaskall', '402-952-8512', 's8rAqwb', NOW()),
    ('gellerk@google.co.jp', 21, 'Gael', 'Eller', '407-254-0551', 'nciAZKL', NOW()),
    ('dguyonnetl@examiner.com', 22, 'Dorotea', 'Guyonnet', '184-715-6183', 'tEASYZyUptJo', NOW()),
    ('jschulkenm@springer.com', 23, 'Jermayne', 'Schulken', '428-623-0534', 'EmM0jl', NOW()),
    ('twattsn@1und1.de', 24, 'Thorndike', 'Watts', '538-420-8182', 'g7dZSR', NOW()),
    ('lvaneschio@printfriendly.com', 25, 'Loy', 'Vaneschi', '800-110-0185', 'pQJDgWsdjk', NOW());

INSERT INTO Employers (AddressID, EmployerName, Email, Phone, Time_Stamp) 
VALUES 
    (1, 'Maurie Niave', 'mniave0@163.com', '192-402-5479', NOW()),
    (2, 'Conway Ivery', 'civery1@nasa.gov', '476-253-5088', NOW()),
    (3, 'Yulma Asel', 'yasel2@artisteer.com', '852-726-8127', NOW()),
    (4, 'Mill Wink', 'mwink3@msn.com', '295-895-4986', NOW()),
    (5, 'Gibb Kerin', 'gkerin4@comcast.net', '640-476-4882', NOW()),
    (6, 'Ali Shepton', 'ashepton5@networkadvertising.org', '577-297-2767', NOW()),
    (7, 'Averil Rowly', 'arowly6@google.co.jp', '820-940-5141', NOW()),
    (8, 'Gerik Swainson', 'gswainson7@github.com', '175-122-3698', NOW()),
    (9, 'Roxanne McMearty', 'rmcmearty8@un.org', '155-157-5760', NOW()),
    (10, 'Jada Cockling', 'jcockling9@altervista.org', '988-308-7328', NOW()),
    (11, 'Konstantine Mebs', 'kmebsa@china.com.cn', '660-210-4068', NOW());


INSERT INTO EmployerAdmin (UserID, EmployerID, RoleID, Time_Stamp)
VALUES
    (7, 1, 7, NOW()),
    (5, 2, 3, NOW());

INSERT INTO JobPosts (EmployerID, EducationID, JobTypeID, ExpReqID, AddressID, SalaryMin, SalaryMax, Title, ContactEmail, Time_Stamp)
VALUES
    (1, 4, 3, 2, 5, 15000, 18000, "Burger Flip Specialist", "burgermeistermeisterburger@juno.com", NOW()),
    (2, 5, 4, 3, 8, 80000, 180000, "Walmart Receipt Highlighter Security Personnel", "NeonStreaks@savemoney.com", NOW());

INSERT INTO JobBenefits (BenefitID,JobPostID, Time_Stamp)
VALUES
    (1,1, NOW() ),
    (2,1, NOW()),
    (3,2, NOW()),
    (4,2, NOW()),
    (5,2, NOW()),
    (6,2, NOW());